title,description,goal,image
Revols - Premium Quick Custom-Fit Wireless Earphones,"Bluetooth earphones with tips that mold to the unique shape of your ears in 60 seconds. Unparalleled fit, comfort, sound and features.",100000,http://s18.postimg.org/61i2qeibt/photo_original.jpg
Tiny Arcade _ A Retro Tiny Playable Game Cabinet,Tiny Arcade lets you relive the golden age of video games with an arcade cabinet that fits in the palm of your hand.  ,25000,http://s17.postimg.org/b0h96ym9r/photo_original.png
CAT Clutch - The Ultimate LED Bag,"Wearable art on your arm! Our chic bag displays LED pixel art, changeable with a touch of our app, holds lipstick & charges your phone.",20000,http://s9.postimg.org/uih474irz/cat_clutch.jpg
"Pulse - Your Camera, Upgraded.",Stills. Timelapse. Video. Complete control of your DSLR or Mirrorless camera from your smartphone. Wirelessly.,50000,http://s28.postimg.org/p9rqimaot/pulse.jpg
BLOCKS - The World's First Modular Smartwatch,"The strap is made of several modules, each with their own function. Choose the modules you want to build a smartwatch unique to you.",250000,http://s30.postimg.org/qg2f9c5jl/blocks.jpg
PowerUp FPV - Live Streaming Paper Airplane Drone,"Experience first-person-view flight on a paper airplane with a LIVE streaming camera, via Google Cardboard.",100000,http://s23.postimg.org/grg8xwpnf/powerup.jpg
G-RO: Revolutionary Carry-on Luggage,"The world's best carry-on bag - its patented ""all-terrain"" wheels change EVERYTHING!",125000,http://s18.postimg.org/3yq11pc21/gro.jpg
Kamigami Animal-inspired robots anyone can make,"Lightning-fast robots you can build, program and evolve.",50000,http://s7.postimg.org/jwej3ctrf/kamigami.jpg
The Liberty Electric Tricycle,"An Electric Trike for Active Mobility. 750w, 11.5 mph, 30 Miles, 3hr Charge, USA Frame, Lithium Battery, Wide Tires, Folds & Separates!",10000,http://s17.postimg.org/tw0h0zynz/liberty.jpg
CellRobot: 100 ROBOTS in ONE,"The Most Advanced Modular Robot in Your Hand: COMBINE, PLAY, PROGRAM and make it do fun robot things",75000,http://s14.postimg.org/9jpkjug4x/cellrobot.jpg