first_name,last_name,email
Louis,Sanders,lsanders0@yandex.ru
Sandra,Washington,swashington1@spotify.com
Sandra,West,swest2@weebly.com
Tammy,Sims,tsims3@blogs.com
Anna,Martinez,amartinez4@businessinsider.com
Bobby,Hansen,bhansen5@51.la
Kenneth,Medina,kmedina6@sohu.com
Jason,Ellis,jellis7@wikispaces.com
Lisa,Henry,lhenry8@sohu.com
Paul,Hamilton,phamilton9@youtube.com
Norma,Kim,nkima@desdev.cn
Philip,Campbell,pcampbellb@slate.com
Gerald,Carpenter,gcarpenterc@furl.net
Stephen,Ramos,sramosd@google.co.uk
Edward,Jenkins,ejenkinse@google.co.jp
Christopher,Hanson,chansonf@boston.com
Larry,Owens,lowensg@cyberchimps.com
Ralph,Morales,rmoralesh@mysql.com
Joyce,James,jjamesi@addtoany.com
Joseph,Robinson,jrobinsonj@soundcloud.com
Ann,Schmidt,aschmidtk@t-online.de
Kathryn,Sanchez,ksanchezl@dailymotion.com
Kathleen,Sanders,ksandersm@plala.or.jp
Lois,Wright,lwrightn@booking.com
Eric,Mitchell,emitchello@simplemachines.org
Bonnie,Rogers,brogersp@quantcast.com
Kathy,Parker,kparkerq@ow.ly
Daniel,Hunt,dhuntr@networkadvertising.org
Betty,Mills,bmillss@nymag.com
Gloria,Payne,gpaynet@timesonline.co.uk
Louis,Murray,lmurrayu@about.com
Harold,Peterson,hpetersonv@alexa.com
Sharon,Meyer,smeyerw@webeden.co.uk
Donna,Pierce,dpiercex@apple.com
Craig,Collins,ccollinsy@sciencedirect.com
Carol,Porter,cporterz@sciencedirect.com
Joshua,Scott,jscott10@opera.com
Anne,Gray,agray11@ebay.com
Sandra,Elliott,selliott12@gov.uk
Eric,Armstrong,earmstrong13@irs.gov
Judith,Dixon,jdixon14@studiopress.com
Randy,Alexander,ralexander15@bloglovin.com
Andrea,Romero,aromero16@csmonitor.com
Helen,Cox,hcox17@printfriendly.com
Judy,Reed,jreed18@bluehost.com
Paula,Evans,pevans19@jiathis.com
Alan,Fernandez,afernandez1a@behance.net
Shirley,Morris,smorris1b@toplist.cz
Howard,Russell,hrussell1c@dedecms.com
Marilyn,Brown,mbrown1d@pcworld.com
Sara,Schmidt,sschmidt1e@ucoz.com
Louis,Palmer,lpalmer1f@dmoz.org
Nicholas,Robertson,nrobertson1g@hibu.com
Frank,Lane,flane1h@bandcamp.com
Louis,Castillo,lcastillo1i@booking.com
Ryan,Mcdonald,rmcdonald1j@goo.ne.jp
Sean,Tucker,stucker1k@sciencedaily.com
Alice,Jenkins,ajenkins1l@i2i.jp
Philip,Wheeler,pwheeler1m@cyberchimps.com
Carlos,Mitchell,cmitchell1n@economist.com
Roy,Rose,rrose1o@loc.gov
Albert,Watson,awatson1p@umich.edu
Alan,Evans,aevans1q@exblog.jp
Jessica,Franklin,jfranklin1r@uiuc.edu
Denise,Alexander,dalexander1s@histats.com
Stephen,Nichols,snichols1t@examiner.com
Jennifer,White,jwhite1u@tamu.edu
Lawrence,Porter,lporter1v@usatoday.com
Kimberly,Fox,kfox1w@senate.gov
Keith,Riley,kriley1x@51.la
Keith,Allen,kallen1y@whitehouse.gov
Alice,Crawford,acrawford1z@wikipedia.org
Donald,Price,dprice20@ox.ac.uk
Jean,Perkins,jperkins21@feedburner.com
Ruby,Campbell,rcampbell22@dell.com
Russell,Coleman,rcoleman23@newyorker.com
Jessica,Webb,jwebb24@networkadvertising.org
Harry,Hunter,hhunter25@phpbb.com
Lori,Hart,lhart26@wikia.com
Diana,Wells,dwells27@domainmarket.com
Terry,Morales,tmorales28@fotki.com
Earl,Castillo,ecastillo29@behance.net
Sharon,Fernandez,sfernandez2a@cam.ac.uk
Jennifer,Sanchez,jsanchez2b@prnewswire.com
Craig,Thompson,cthompson2c@mapy.cz
Joshua,Simmons,jsimmons2d@constantcontact.com
Earl,Owens,eowens2e@auda.org.au
Carlos,Nelson,cnelson2f@360.cn
Keith,Rodriguez,krodriguez2g@xing.com
Kimberly,Tucker,ktucker2h@blogger.com
Ruby,Carter,rcarter2i@europa.eu
Barbara,Jackson,bjackson2j@msn.com
Jean,Gordon,jgordon2k@geocities.com
Diane,Davis,ddavis2l@census.gov
Matthew,Brown,mbrown2m@blog.com
Laura,Lane,llane2n@linkedin.com
Sarah,Cook,scook2o@skype.com
Denise,Hamilton,dhamilton2p@yelp.com
Gregory,Simpson,gsimpson2q@wikimedia.org
Beverly,Berry,bberry2r@wikispaces.com
Amanda,Gutierrez,agutierrez2s@google.nl
Susan,Stone,sstone2t@360.cn
Chris,Dean,cdean2u@usnews.com
Douglas,Gray,dgray2v@sfgate.com
Helen,Flores,hflores2w@xinhuanet.com
Chris,Cole,ccole2x@vimeo.com
Raymond,Boyd,rboyd2y@google.ca
Edward,Fox,efox2z@reference.com
Lillian,Kennedy,lkennedy30@globo.com
Kathy,Harper,kharper31@google.nl
Roger,Stephens,rstephens32@engadget.com
James,Little,jlittle33@simplemachines.org
Joshua,Dean,jdean34@utexas.edu
Arthur,Wright,awright35@forbes.com
Joe,Perry,jperry36@surveymonkey.com
Stephen,Stanley,sstanley37@ucsd.edu
Sarah,Powell,spowell38@creativecommons.org
Brandon,Hall,bhall39@aboutads.info
Thomas,Gonzales,tgonzales3a@tmall.com
Carlos,Butler,cbutler3b@squidoo.com
Laura,Richardson,lrichardson3c@google.es
Martha,Robinson,mrobinson3d@symantec.com
Sandra,Reid,sreid3e@paginegialle.it
Thomas,Garza,tgarza3f@hostgator.com
Jack,Kelly,jkelly3g@fastcompany.com
Fred,Pierce,fpierce3h@ifeng.com
Dennis,Fields,dfields3i@wunderground.com
Judy,Frazier,jfrazier3j@constantcontact.com
Kathleen,Alexander,kalexander3k@google.co.uk
Clarence,Martinez,cmartinez3l@xrea.com
Angela,Wood,awood3m@usnews.com
Laura,Miller,lmiller3n@netvibes.com
Amanda,Diaz,adiaz3o@ustream.tv
Albert,Hill,ahill3p@epa.gov
Jessica,Roberts,jroberts3q@printfriendly.com
Paula,Hughes,phughes3r@salon.com
Earl,Lewis,elewis3s@examiner.com
Nicholas,Wheeler,nwheeler3t@taobao.com
Carol,Parker,cparker3u@furl.net
Rebecca,Jenkins,rjenkins3v@instagram.com
Anna,Young,ayoung3w@ucoz.com
Alan,Rodriguez,arodriguez3x@globo.com
Terry,Schmidt,tschmidt3y@behance.net
Joseph,Roberts,jroberts3z@toplist.cz
Gloria,Howell,ghowell40@census.gov
Ruby,Jordan,rjordan41@ucoz.com
Nancy,Bailey,nbailey42@berkeley.edu
Russell,Rivera,rrivera43@vk.com
Stephanie,Reynolds,sreynolds44@walmart.com
Sandra,Little,slittle45@businessinsider.com
Jack,Ferguson,jferguson46@scientificamerican.com
Sharon,Rose,srose47@smh.com.au
Shirley,Green,sgreen48@cdbaby.com
Ruth,Fowler,rfowler49@aboutads.info
Henry,Taylor,htaylor4a@youtube.com
Jesse,Baker,jbaker4b@wufoo.com
Lois,Fisher,lfisher4c@oracle.com
Frances,Russell,frussell4d@zdnet.com
Roger,Black,rblack4e@de.vu
Charles,Mcdonald,cmcdonald4f@thetimes.co.uk
Louise,Hansen,lhansen4g@friendfeed.com
Christina,Nelson,cnelson4h@house.gov
Martha,Robertson,mrobertson4i@wunderground.com
Bonnie,Nelson,bnelson4j@geocities.com
Howard,Sullivan,hsullivan4k@amazon.de
Jean,Turner,jturner4l@ebay.co.uk
Mary,Arnold,marnold4m@disqus.com
Anne,Moreno,amoreno4n@home.pl
Victor,Gordon,vgordon4o@google.com.br
Lawrence,Miller,lmiller4p@uol.com.br
Harold,Kelly,hkelly4q@usda.gov
Joe,Bell,jbell4r@archive.org
Carolyn,Green,cgreen4s@admin.ch
Wayne,Hudson,whudson4t@blogspot.com
Beverly,Rogers,brogers4u@amazon.co.jp
George,King,gking4v@dailymotion.com
Ruby,Torres,rtorres4w@ow.ly
Ann,Mitchell,amitchell4x@yahoo.co.jp
Timothy,Elliott,telliott4y@mozilla.com
Margaret,Lawrence,mlawrence4z@adobe.com
Martha,Torres,mtorres50@sciencedaily.com
Mildred,Mason,mmason51@yahoo.co.jp
Brandon,Thompson,bthompson52@ebay.co.uk
Joseph,Wagner,jwagner53@virginia.edu
Robin,Simmons,rsimmons54@pen.io
Benjamin,Gomez,bgomez55@altervista.org
Craig,Fowler,cfowler56@mtv.com
Russell,Olson,rolson57@t.co
Sean,Vasquez,svasquez58@cnet.com
Andrew,Montgomery,amontgomery59@army.mil
Arthur,Ward,award5a@sbwire.com
Dorothy,Butler,dbutler5b@un.org
Frances,Riley,friley5c@cyberchimps.com
Dennis,Lee,dlee5d@devhub.com
Rebecca,Lane,rlane5e@stanford.edu
Ashley,Armstrong,aarmstrong5f@cloudflare.com
Tammy,Nelson,tnelson5g@nyu.edu
Carlos,Kim,ckim5h@pbs.org
Scott,Banks,sbanks5i@hugedomains.com
Frank,Garza,fgarza5j@i2i.jp
Kimberly,Perkins,kperkins5k@webmd.com
Bruce,Marshall,bmarshall5l@apple.com
Roger,Owens,rowens5m@shutterfly.com
Tina,Williams,twilliams5n@mit.edu
Mildred,Campbell,mcampbell5o@disqus.com
Douglas,Parker,dparker5p@google.de
Stephanie,Thompson,sthompson5q@go.com
Rachel,Berry,rberry5r@ucoz.ru
Lori,Ortiz,lortiz5s@europa.eu
Debra,Gonzales,dgonzales5t@purevolume.com
Gary,Reed,greed5u@cargocollective.com
Jessica,Hall,jhall5v@a8.net
Jimmy,Garrett,jgarrett5w@huffingtonpost.com
Jose,Hawkins,jhawkins5x@cdbaby.com
Charles,Romero,cromero5y@home.pl
Rose,Peterson,rpeterson5z@vk.com
Chris,Rice,crice60@webeden.co.uk
Brian,Clark,bclark61@java.com
Kathleen,Phillips,kphillips62@arizona.edu
Kelly,Frazier,kfrazier63@sourceforge.net
Steven,Mccoy,smccoy64@dell.com
Keith,Bradley,kbradley65@istockphoto.com
Jeremy,Reed,jreed66@woothemes.com
Christine,Jenkins,cjenkins67@hc360.com
Wanda,Rivera,wrivera68@slideshare.net
Jimmy,Fisher,jfisher69@mediafire.com
Jesse,Price,jprice6a@hao123.com
Amanda,Garza,agarza6b@apache.org
Benjamin,Hansen,bhansen6c@pinterest.com
Annie,Gilbert,agilbert6d@booking.com
Paul,Ryan,pryan6e@auda.org.au
Mary,Welch,mwelch6f@google.pl
Victor,Garrett,vgarrett6g@globo.com
James,Thomas,jthomas6h@google.it
Johnny,Mccoy,jmccoy6i@hatena.ne.jp
Juan,Cooper,jcooper6j@cnet.com
Wanda,Brooks,wbrooks6k@theguardian.com
Laura,Harris,lharris6l@blogtalkradio.com
Raymond,Simmons,rsimmons6m@mozilla.com
Chris,Gilbert,cgilbert6n@accuweather.com
Ryan,Coleman,rcoleman6o@1und1.de
Linda,Castillo,lcastillo6p@canalblog.com
Gary,Oliver,goliver6q@dagondesign.com
Deborah,Watkins,dwatkins6r@alexa.com
Annie,Cruz,acruz6s@cdc.gov
Carolyn,Vasquez,cvasquez6t@csmonitor.com
Wanda,Ward,wward6u@wsj.com
Eric,Wilson,ewilson6v@ustream.tv
Jessica,Ramos,jramos6w@ebay.com
Lori,Hanson,lhanson6x@hp.com
Kathleen,Wilson,kwilson6y@oakley.com
Laura,Griffin,lgriffin6z@bbb.org
Tammy,Ruiz,truiz70@bandcamp.com
Fred,Snyder,fsnyder71@a8.net
George,Thompson,gthompson72@addtoany.com
Jerry,Stevens,jstevens73@edublogs.org
Sarah,Duncan,sduncan74@rambler.ru
Bobby,Young,byoung75@unesco.org
Virginia,Gordon,vgordon76@nydailynews.com
Nancy,Long,nlong77@nps.gov
Carolyn,King,cking78@symantec.com
Ryan,Daniels,rdaniels79@narod.ru
Stephanie,Black,sblack7a@51.la
Jacqueline,Campbell,jcampbell7b@slate.com
Kelly,Fuller,kfuller7c@paypal.com
Joseph,Thompson,jthompson7d@salon.com
Jason,White,jwhite7e@aol.com
William,Mcdonald,wmcdonald7f@unblog.fr
Kevin,Jordan,kjordan7g@biblegateway.com
Maria,Gonzales,mgonzales7h@youtu.be
Ann,Hughes,ahughes7i@pbs.org
Ashley,Harris,aharris7j@whitehouse.gov
Harry,Washington,hwashington7k@naver.com
Nicole,Barnes,nbarnes7l@google.com.hk
Jesse,Carroll,jcarroll7m@paginegialle.it
Charles,Gutierrez,cgutierrez7n@virginia.edu
Emily,Watkins,ewatkins7o@zdnet.com
Brandon,Weaver,bweaver7p@blinklist.com
Norma,Ray,nray7q@mtv.com
Frances,Franklin,ffranklin7r@berkeley.edu
Aaron,Coleman,acoleman7s@timesonline.co.uk
Stephen,Boyd,sboyd7t@cbslocal.com
Thomas,Medina,tmedina7u@creativecommons.org
John,Brooks,jbrooks7v@tumblr.com
Philip,Russell,prussell7w@taobao.com
Teresa,Jenkins,tjenkins7x@latimes.com
Benjamin,Wells,bwells7y@infoseek.co.jp
Cheryl,Bryant,cbryant7z@creativecommons.org
Stephanie,Gonzalez,sgonzalez80@phoca.cz
Harry,Garza,hgarza81@tripadvisor.com
Lillian,Harvey,lharvey82@oakley.com
Lori,Burke,lburke83@google.com.br
Harry,Duncan,hduncan84@sbwire.com
Wanda,Hanson,whanson85@webmd.com
Thomas,Garza,tgarza86@dmoz.org
Doris,Hicks,dhicks87@topsy.com
Joseph,Jones,jjones88@miibeian.gov.cn
Tina,Brown,tbrown89@imageshack.us
Jason,Alexander,jalexander8a@is.gd
Antonio,Sullivan,asullivan8b@ifeng.com
Barbara,Greene,bgreene8c@webnode.com
Donald,Myers,dmyers8d@woothemes.com
Adam,Powell,apowell8e@dyndns.org
Aaron,Coleman,acoleman8f@epa.gov
Brenda,Young,byoung8g@sun.com
Sharon,Ryan,sryan8h@goo.ne.jp
Tammy,Cooper,tcooper8i@statcounter.com
Victor,Bennett,vbennett8j@ca.gov
Shawn,Hamilton,shamilton8k@parallels.com
Justin,Henderson,jhenderson8l@blogs.com
Adam,Barnes,abarnes8m@tinypic.com
Sandra,Gibson,sgibson8n@ft.com
Gerald,Powell,gpowell8o@about.me
Jonathan,Morris,jmorris8p@moonfruit.com
Karen,Mason,kmason8q@goo.gl
Albert,Washington,awashington8r@github.io
Lillian,Green,lgreen8s@techcrunch.com
Rebecca,Perkins,rperkins8t@tripod.com
Robin,Dixon,rdixon8u@skyrock.com
Jennifer,Miller,jmiller8v@patch.com
Kenneth,Hudson,khudson8w@umich.edu
Joyce,Perkins,jperkins8x@constantcontact.com
Harold,Brown,hbrown8y@exblog.jp
Shirley,Sanchez,ssanchez8z@nba.com
Jane,Chavez,jchavez90@ovh.net
Jessica,Franklin,jfranklin91@furl.net
Theresa,Dunn,tdunn92@csmonitor.com
Jane,Bennett,jbennett93@ovh.net
Wayne,Ramos,wramos94@livejournal.com
Louise,Owens,lowens95@cbsnews.com
Michael,Anderson,manderson96@gmpg.org
Clarence,Russell,crussell97@exblog.jp
Harold,Graham,hgraham98@bigcartel.com
Ernest,Mccoy,emccoy99@about.me
Stephen,Hughes,shughes9a@chron.com
Norma,Mcdonald,nmcdonald9b@163.com
Christine,Thomas,cthomas9c@facebook.com
Brenda,Gardner,bgardner9d@wikispaces.com
Frank,Jacobs,fjacobs9e@illinois.edu
Brandon,Montgomery,bmontgomery9f@gizmodo.com
Sean,Spencer,sspencer9g@nasa.gov
Katherine,Sanders,ksanders9h@techcrunch.com
Craig,Alvarez,calvarez9i@facebook.com
Barbara,Robinson,brobinson9j@wired.com
Mary,Allen,mallen9k@mysql.com
Arthur,Ward,award9l@usatoday.com
Judith,Crawford,jcrawford9m@dailymail.co.uk
Chris,Nelson,cnelson9n@wikia.com
Alan,Boyd,aboyd9o@shutterfly.com
Carl,Lee,clee9p@nydailynews.com
Lisa,Stanley,lstanley9q@marriott.com
Phillip,Crawford,pcrawford9r@feedburner.com
Joseph,Jackson,jjackson9s@4shared.com
Ruby,Wood,rwood9t@earthlink.net
Phillip,Olson,polson9u@mozilla.com
Martin,Perkins,mperkins9v@salon.com
Thomas,Harris,tharris9w@nytimes.com
Judy,Wright,jwright9x@amazon.co.jp
Lisa,Collins,lcollins9y@edublogs.org
Thomas,Castillo,tcastillo9z@spiegel.de
Jessica,Welch,jwelcha0@patch.com
Mary,Sanchez,msancheza1@mapy.cz
Jean,Ramos,jramosa2@google.it
Sharon,Gibson,sgibsona3@yale.edu
Kathy,Little,klittlea4@pbs.org
Amanda,Duncan,aduncana5@moonfruit.com
Phillip,Stewart,pstewarta6@sciencedirect.com
Larry,Torres,ltorresa7@house.gov
Emily,Wallace,ewallacea8@de.vu
Dennis,Foster,dfostera9@artisteer.com
Patricia,Hanson,phansonaa@paypal.com
Charles,Carr,ccarrab@ycombinator.com
Susan,Ross,srossac@sphinn.com
Wayne,Freeman,wfreemanad@cyberchimps.com
Jeremy,Evans,jevansae@utexas.edu
Gerald,Turner,gturneraf@1688.com
Nicole,Stone,nstoneag@epa.gov
Jack,Sanchez,jsanchezah@yelp.com
Martha,Anderson,mandersonai@berkeley.edu
Robin,King,rkingaj@google.co.uk
Christina,Collins,ccollinsak@time.com
Joshua,Hill,jhillal@wikipedia.org
Jean,Coleman,jcolemanam@bing.com
Wayne,Peterson,wpetersonan@mapquest.com
Andrew,Holmes,aholmesao@theguardian.com
Amanda,Stephens,astephensap@yellowpages.com
Willie,Porter,wporteraq@mlb.com
Martin,Reid,mreidar@wisc.edu
Thomas,Castillo,tcastilloas@hp.com
Todd,Robinson,trobinsonat@biblegateway.com
Nancy,Graham,ngrahamau@cyberchimps.com
Christina,Carr,ccarrav@bloglines.com
Theresa,Reynolds,treynoldsaw@seesaa.net
Billy,King,bkingax@de.vu
Susan,Woods,swoodsay@japanpost.jp
Cheryl,Woods,cwoodsaz@army.mil
Heather,Mcdonald,hmcdonaldb0@google.de
Irene,Johnston,ijohnstonb1@chicagotribune.com
Ralph,Porter,rporterb2@sogou.com
Sean,Woods,swoodsb3@godaddy.com
Aaron,Butler,abutlerb4@unicef.org
Juan,Hansen,jhansenb5@lycos.com
Catherine,Edwards,cedwardsb6@huffingtonpost.com
Clarence,Lynch,clynchb7@usatoday.com
Shawn,Murphy,smurphyb8@ed.gov
Carl,Payne,cpayneb9@barnesandnoble.com
Billy,Gutierrez,bgutierrezba@wunderground.com
Rebecca,Wright,rwrightbb@telegraph.co.uk
Gerald,Thomas,gthomasbc@nba.com
Cynthia,Hart,chartbd@google.es
Amy,Fox,afoxbe@rediff.com
Arthur,Cooper,acooperbf@telegraph.co.uk
Julia,Hamilton,jhamiltonbg@g.co
Tammy,Watkins,twatkinsbh@multiply.com
Carl,Tucker,ctuckerbi@studiopress.com
Melissa,Rice,mricebj@rediff.com
Andrea,Rivera,ariverabk@mayoclinic.com
Adam,White,awhitebl@hexun.com
Terry,Turner,tturnerbm@theglobeandmail.com
Scott,Fox,sfoxbn@wp.com
Scott,Shaw,sshawbo@ovh.net
Virginia,Moore,vmoorebp@mit.edu
Larry,Arnold,larnoldbq@toplist.cz
Paula,Montgomery,pmontgomerybr@skyrock.com
Debra,Howard,dhowardbs@apple.com
Maria,Austin,maustinbt@princeton.edu
Kenneth,Cox,kcoxbu@pbs.org
Susan,Perry,sperrybv@networkadvertising.org
Antonio,Ferguson,afergusonbw@epa.gov
Nicholas,Hudson,nhudsonbx@aboutads.info
Gary,Gonzalez,ggonzalezby@nba.com
Betty,Jordan,bjordanbz@google.nl
Chris,Warren,cwarrenc0@spiegel.de
Phyllis,Grant,pgrantc1@reverbnation.com
Shawn,Walker,swalkerc2@youku.com
Amanda,Wilson,awilsonc3@webs.com
Jack,Marshall,jmarshallc4@mapy.cz
Laura,Little,llittlec5@sakura.ne.jp
Paul,Lane,planec6@a8.net
Douglas,Fields,dfieldsc7@dyndns.org
Jimmy,Powell,jpowellc8@netlog.com
Katherine,Chapman,kchapmanc9@bravesites.com
Joshua,Ford,jfordca@altervista.org
Andrea,Sims,asimscb@dot.gov
Ronald,Alexander,ralexandercc@posterous.com
Catherine,Foster,cfostercd@skype.com
Diane,Butler,dbutlerce@scientificamerican.com
David,Oliver,dolivercf@mapy.cz
Jason,Simpson,jsimpsoncg@tripod.com
Linda,Scott,lscottch@360.cn
Cynthia,Crawford,ccrawfordci@baidu.com
Russell,Hawkins,rhawkinscj@webmd.com
Rachel,Simpson,rsimpsonck@cisco.com
Donald,Jenkins,djenkinscl@cbsnews.com
Phillip,Cole,pcolecm@fema.gov
Kathryn,Morales,kmoralescn@fastcompany.com
Eugene,Henderson,ehendersonco@upenn.edu
Raymond,Carter,rcartercp@huffingtonpost.com
Robin,Palmer,rpalmercq@livejournal.com
Pamela,Moreno,pmorenocr@foxnews.com
Anna,Alexander,aalexandercs@google.com.hk
Diana,Perry,dperryct@1und1.de
Heather,Harris,hharriscu@yellowbook.com
Karen,Collins,kcollinscv@ebay.co.uk
Brenda,Hicks,bhickscw@phoca.cz
Lillian,George,lgeorgecx@senate.gov
Martha,Elliott,melliottcy@tumblr.com
Ernest,Ross,erosscz@nsw.gov.au
Roy,Lee,rleed0@mlb.com
Johnny,Knight,jknightd1@over-blog.com
Joseph,Mendoza,jmendozad2@imageshack.us
Karen,Flores,kfloresd3@arizona.edu
Albert,Carpenter,acarpenterd4@so-net.ne.jp
Robert,Evans,revansd5@qq.com
Willie,Porter,wporterd6@tripadvisor.com
Norma,Kelley,nkelleyd7@wix.com
Ruth,Peterson,rpetersond8@wordpress.org
Jennifer,Reid,jreidd9@friendfeed.com
Jimmy,Ross,jrossda@virginia.edu
Raymond,Taylor,rtaylordb@bloomberg.com
Patrick,Fowler,pfowlerdc@gravatar.com
Mildred,Richards,mrichardsdd@harvard.edu
Larry,Robertson,lrobertsonde@who.int
Steven,Day,sdaydf@mlb.com
Eugene,Taylor,etaylordg@boston.com
Marilyn,Barnes,mbarnesdh@cam.ac.uk
Jessica,Hayes,jhayesdi@opera.com
Daniel,Thompson,dthompsondj@tinyurl.com
Teresa,Mccoy,tmccoydk@psu.edu
Alan,Jones,ajonesdl@berkeley.edu
Jose,Ward,jwarddm@cornell.edu
Ashley,Wells,awellsdn@networksolutions.com
Keith,White,kwhitedo@ox.ac.uk
Jacqueline,Berry,jberrydp@indiatimes.com
Margaret,Murray,mmurraydq@businessweek.com
Kathleen,Day,kdaydr@163.com
Jason,Gonzales,jgonzalesds@photobucket.com
Jesse,Fowler,jfowlerdt@utexas.edu
Doris,King,dkingdu@eventbrite.com
Janice,Arnold,jarnolddv@toplist.cz
Phillip,Ramirez,pramirezdw@house.gov
Doris,King,dkingdx@purevolume.com
Jason,Ward,jwarddy@google.com
Jean,Rose,jrosedz@netlog.com
Harry,Hunt,hhunte0@apache.org
Edward,Flores,eflorese1@indiatimes.com
Lawrence,Berry,lberrye2@deviantart.com
Anne,Oliver,aolivere3@washingtonpost.com
Jonathan,West,jweste4@buzzfeed.com
Steve,Morales,smoralese5@goodreads.com
Jennifer,Tucker,jtuckere6@google.com.br
Timothy,Wagner,twagnere7@cyberchimps.com
Debra,Fowler,dfowlere8@arstechnica.com
Dorothy,Burton,dburtone9@chicagotribune.com
Anna,Price,apriceea@yellowpages.com
Kelly,Montgomery,kmontgomeryeb@answers.com
Andrew,Wagner,awagnerec@irs.gov
Barbara,Murray,bmurrayed@nba.com
Phyllis,Johnson,pjohnsonee@discuz.net
Jessica,Murphy,jmurphyef@apache.org
Kelly,Hunter,khuntereg@eventbrite.com
Clarence,Montgomery,cmontgomeryeh@google.ca
Jason,Owens,jowensei@dagondesign.com
Martin,Harris,mharrisej@ycombinator.com
Kevin,Perez,kperezek@samsung.com
Scott,Nguyen,snguyenel@fda.gov
Alan,Campbell,acampbellem@arstechnica.com
George,Wells,gwellsen@joomla.org
Tina,Wallace,twallaceeo@dmoz.org
Nancy,Allen,nallenep@theglobeandmail.com
Kevin,Stevens,kstevenseq@washington.edu
Denise,James,djameser@answers.com
Brian,Moreno,bmorenoes@ox.ac.uk
Alice,Castillo,acastilloet@businesswire.com
Carolyn,Payne,cpayneeu@eventbrite.com
Wayne,Hunt,whuntev@wisc.edu
Samuel,Rodriguez,srodriguezew@bing.com
Patrick,Austin,paustinex@nhs.uk
Michael,Ray,mrayey@eepurl.com
Antonio,Spencer,aspencerez@issuu.com
Thomas,Banks,tbanksf0@berkeley.edu
Tina,Gordon,tgordonf1@alexa.com
Robert,Lawson,rlawsonf2@harvard.edu
Timothy,Reynolds,treynoldsf3@webeden.co.uk
Terry,Carr,tcarrf4@businessinsider.com
Nancy,Ellis,nellisf5@barnesandnoble.com
David,Gonzales,dgonzalesf6@quantcast.com
Rachel,Gilbert,rgilbertf7@free.fr
Katherine,Banks,kbanksf8@nps.gov
Tina,Diaz,tdiazf9@elegantthemes.com
Margaret,Ramirez,mramirezfa@ustream.tv
Christine,Mills,cmillsfb@webs.com
Andrew,Henderson,ahendersonfc@alexa.com
Dorothy,Riley,drileyfd@sun.com
Dorothy,Kennedy,dkennedyfe@meetup.com
Justin,Hudson,jhudsonff@ftc.gov
Andrew,Rivera,ariverafg@linkedin.com
Philip,Romero,promerofh@edublogs.org
Carlos,Fisher,cfisherfi@bizjournals.com
Nicholas,Banks,nbanksfj@php.net
Martha,Parker,mparkerfk@foxnews.com
Todd,Montgomery,tmontgomeryfl@ovh.net
Joan,Harris,jharrisfm@ning.com
David,Payne,dpaynefn@pagesperso-orange.fr
Lisa,Harris,lharrisfo@myspace.com
Phyllis,Dunn,pdunnfp@netscape.com
Melissa,Edwards,medwardsfq@rediff.com
Margaret,Myers,mmyersfr@bizjournals.com
Jason,Ross,jrossfs@oracle.com
Michelle,Frazier,mfrazierft@ebay.com
Donna,Cunningham,dcunninghamfu@hugedomains.com
Donald,Fuller,dfullerfv@free.fr
Maria,Fields,mfieldsfw@youtu.be
Lisa,Graham,lgrahamfx@wikipedia.org
Stephanie,Day,sdayfy@issuu.com
James,Shaw,jshawfz@mediafire.com
Judith,Gonzales,jgonzalesg0@cdbaby.com
Christine,Garcia,cgarciag1@accuweather.com
Jason,Taylor,jtaylorg2@themeforest.net
Michael,Walker,mwalkerg3@huffingtonpost.com
Stephanie,Hudson,shudsong4@blogtalkradio.com
Bonnie,Hughes,bhughesg5@paginegialle.it
Adam,Warren,awarreng6@nba.com
Brian,Pierce,bpierceg7@dagondesign.com
Christopher,Cox,ccoxg8@nationalgeographic.com
Frances,Mason,fmasong9@squarespace.com
Ronald,Gilbert,rgilbertga@netlog.com
Clarence,Carr,ccarrgb@netvibes.com
Julie,Wood,jwoodgc@deviantart.com
Theresa,Perry,tperrygd@google.com.au
Ralph,Day,rdayge@accuweather.com
Martha,Foster,mfostergf@ehow.com
Alice,Reyes,areyesgg@goodreads.com
Susan,Russell,srussellgh@hud.gov
Gregory,Graham,ggrahamgi@slate.com
Julie,Stephens,jstephensgj@army.mil
Stephanie,White,swhitegk@github.com
Thomas,Andrews,tandrewsgl@yahoo.com
Helen,Freeman,hfreemangm@sitemeter.com
Jessica,Fields,jfieldsgn@baidu.com
Nicole,Lawrence,nlawrencego@statcounter.com
Justin,Weaver,jweavergp@smugmug.com
Anthony,Henderson,ahendersongq@ow.ly
Diana,Andrews,dandrewsgr@devhub.com
Andrea,Mills,amillsgs@eventbrite.com
Bonnie,Owens,bowensgt@histats.com
Richard,Gomez,rgomezgu@mapquest.com
Angela,Bradley,abradleygv@yahoo.co.jp
Dorothy,Hawkins,dhawkinsgw@pcworld.com
Gary,Perkins,gperkinsgx@time.com
Jean,Morgan,jmorgangy@reference.com
Carol,Mendoza,cmendozagz@posterous.com
Anna,Lynch,alynchh0@phpbb.com
Karen,Kennedy,kkennedyh1@bandcamp.com
Jason,Howard,jhowardh2@spotify.com
Peter,Jenkins,pjenkinsh3@gravatar.com
Kathryn,Ramirez,kramirezh4@netscape.com
Ernest,Webb,ewebbh5@hhs.gov
Ashley,Hernandez,ahernandezh6@rambler.ru
Diana,Black,dblackh7@army.mil
Robin,Bishop,rbishoph8@reuters.com
Lillian,Shaw,lshawh9@facebook.com
Aaron,Kennedy,akennedyha@slashdot.org
Frank,Taylor,ftaylorhb@miitbeian.gov.cn
Phyllis,Olson,polsonhc@google.co.uk
Jessica,Woods,jwoodshd@house.gov
Phillip,Arnold,parnoldhe@opensource.org
Roy,Reed,rreedhf@webeden.co.uk
Teresa,Griffin,tgriffinhg@about.me
Clarence,Sims,csimshh@ask.com
Joshua,Nguyen,jnguyenhi@ehow.com
Anne,Ross,arosshj@nyu.edu
Carol,Cruz,ccruzhk@yahoo.co.jp
Kathryn,Burke,kburkehl@unicef.org
Mary,Walker,mwalkerhm@europa.eu
Janice,Simmons,jsimmonshn@pbs.org
James,Montgomery,jmontgomeryho@wsj.com
Jerry,Sanchez,jsanchezhp@harvard.edu
Amanda,Moreno,amorenohq@t-online.de
Carolyn,Crawford,ccrawfordhr@dailymotion.com
Mark,King,mkinghs@tripod.com
Russell,Wheeler,rwheelerht@ameblo.jp
Roger,Sims,rsimshu@wsj.com
Eric,Gray,egrayhv@imdb.com
Bobby,Elliott,belliotthw@usda.gov
Sandra,Elliott,selliotthx@chron.com
Ruth,Baker,rbakerhy@wordpress.com
Chris,Roberts,crobertshz@utexas.edu
Sandra,Reed,sreedi0@bravesites.com
Eric,Marshall,emarshalli1@rambler.ru
George,Hudson,ghudsoni2@i2i.jp
James,Brooks,jbrooksi3@gravatar.com
Craig,Castillo,ccastilloi4@shinystat.com
Jessica,Price,jpricei5@squarespace.com
Martin,Dean,mdeani6@unblog.fr
Justin,Dunn,jdunni7@reddit.com
Martin,Dean,mdeani8@admin.ch
Sandra,Dixon,sdixoni9@hubpages.com
Heather,Hudson,hhudsonia@webnode.com
Juan,Nguyen,jnguyenib@gmpg.org
Lois,Bryant,lbryantic@google.de
Bruce,Romero,bromeroid@craigslist.org
Larry,Gomez,lgomezie@barnesandnoble.com
Norma,Lee,nleeif@yolasite.com
Stephanie,Boyd,sboydig@topsy.com
Mildred,Brooks,mbrooksih@xrea.com
Alice,Moore,amooreii@elpais.com
Evelyn,Porter,eporterij@accuweather.com
Peter,Rodriguez,prodriguezik@yellowpages.com
Russell,Dixon,rdixonil@histats.com
Elizabeth,Diaz,ediazim@jimdo.com
Christopher,Watkins,cwatkinsin@parallels.com
Gregory,Wood,gwoodio@google.com.au
Lillian,Ramirez,lramirezip@nasa.gov
Melissa,Campbell,mcampbelliq@eventbrite.com
Anna,Riley,arileyir@pagesperso-orange.fr
Jeremy,Fisher,jfisheris@tinyurl.com
Theresa,Perez,tperezit@skyrock.com
Cheryl,Gibson,cgibsoniu@boston.com
Carol,Gibson,cgibsoniv@free.fr
Norma,Carroll,ncarrolliw@berkeley.edu
Jerry,Henderson,jhendersonix@prlog.org
Patricia,Mccoy,pmccoyiy@slate.com
David,Carroll,dcarrolliz@slideshare.net
David,Hamilton,dhamiltonj0@hud.gov
Louis,Gilbert,lgilbertj1@ebay.com
Melissa,Evans,mevansj2@acquirethisname.com
Donna,Allen,dallenj3@ifeng.com
Tammy,Henry,thenryj4@google.cn
Barbara,Ferguson,bfergusonj5@goodreads.com
Wanda,Green,wgreenj6@sohu.com
Catherine,Nguyen,cnguyenj7@angelfire.com
Wanda,Thomas,wthomasj8@hatena.ne.jp
Alan,Sanders,asandersj9@sitemeter.com
Larry,Stevens,lstevensja@wikipedia.org
Teresa,Smith,tsmithjb@hibu.com
Marilyn,Smith,msmithjc@jalbum.net
Andrea,Cook,acookjd@discovery.com
Donald,Price,dpriceje@wikimedia.org
Billy,Patterson,bpattersonjf@hatena.ne.jp
Brenda,George,bgeorgejg@multiply.com
Annie,Carter,acarterjh@multiply.com
Earl,Fuller,efullerji@fema.gov
Teresa,Wheeler,twheelerjj@senate.gov
Sandra,Smith,ssmithjk@g.co
Stephen,Sanders,ssandersjl@dell.com
Jack,Larson,jlarsonjm@youku.com
Nicole,Carr,ncarrjn@issuu.com
Marie,Wagner,mwagnerjo@comcast.net
Roy,Knight,rknightjp@diigo.com
Julia,Scott,jscottjq@ycombinator.com
Matthew,Gilbert,mgilbertjr@mtv.com
James,Hart,jhartjs@flavors.me
Richard,Grant,rgrantjt@phpbb.com
Kevin,Webb,kwebbju@plala.or.jp
Diane,Brooks,dbrooksjv@samsung.com
Bobby,Burns,bburnsjw@stanford.edu
Theresa,Ferguson,tfergusonjx@google.com.hk
Brenda,Hunt,bhuntjy@mozilla.org
Bruce,Ford,bfordjz@economist.com
Christopher,Morales,cmoralesk0@lycos.com
Brian,Harper,bharperk1@clickbank.net
Craig,Sanders,csandersk2@booking.com
Steven,Mccoy,smccoyk3@sfgate.com
Ernest,Austin,eaustink4@latimes.com
Laura,Sullivan,lsullivank5@google.es
Matthew,Gordon,mgordonk6@cpanel.net
Stephanie,Stone,sstonek7@histats.com
Andrew,Rice,aricek8@statcounter.com
Andrea,Richards,arichardsk9@nih.gov
Aaron,Romero,aromeroka@php.net
Alice,Freeman,afreemankb@tripadvisor.com
Bobby,Stanley,bstanleykc@earthlink.net
Steve,Bailey,sbaileykd@ameblo.jp
Adam,Franklin,afranklinke@hostgator.com
Bobby,Jones,bjoneskf@blinklist.com
Carl,Myers,cmyerskg@ebay.com
Chris,Williams,cwilliamskh@yale.edu
Paul,Watkins,pwatkinski@google.cn
Carol,Martinez,cmartinezkj@craigslist.org
Terry,Cook,tcookkk@fda.gov
Karen,Hamilton,khamiltonkl@vinaora.com
Melissa,Bryant,mbryantkm@networksolutions.com
Margaret,Shaw,mshawkn@ted.com
Joe,Stevens,jstevensko@msn.com
Margaret,Ross,mrosskp@comsenz.com
Betty,Ferguson,bfergusonkq@cocolog-nifty.com
Kathryn,Hudson,khudsonkr@nbcnews.com
James,Hayes,jhayesks@gov.uk
Brandon,Palmer,bpalmerkt@columbia.edu
Laura,Clark,lclarkku@biglobe.ne.jp
Shawn,Wells,swellskv@networkadvertising.org
Mildred,Perkins,mperkinskw@google.cn
Frances,Scott,fscottkx@shareasale.com
Sandra,Marshall,smarshallky@virginia.edu
Alan,Vasquez,avasquezkz@bravesites.com
Rebecca,Parker,rparkerl0@un.org
Martin,Banks,mbanksl1@i2i.jp
Charles,Gray,cgrayl2@exblog.jp
Joan,Fisher,jfisherl3@google.fr
Benjamin,Stevens,bstevensl4@youtube.com
John,Watkins,jwatkinsl5@vkontakte.ru
Catherine,Garcia,cgarcial6@flavors.me
Jose,Washington,jwashingtonl7@shareasale.com
Jacqueline,Sullivan,jsullivanl8@soup.io
Craig,Chavez,cchavezl9@bigcartel.com
Walter,Richards,wrichardsla@msu.edu
Ronald,Hansen,rhansenlb@admin.ch
Christine,Cook,ccooklc@linkedin.com
Sandra,Medina,smedinald@amazon.de
Cynthia,Ortiz,cortizle@paypal.com
Sara,Jones,sjoneslf@yellowbook.com
Michelle,Castillo,mcastillolg@independent.co.uk
Denise,Bishop,dbishoplh@engadget.com
Edward,Fuller,efullerli@virginia.edu
Betty,Brooks,bbrookslj@independent.co.uk
Donald,Black,dblacklk@free.fr
Edward,Butler,ebutlerll@weather.com
Jennifer,Matthews,jmatthewslm@mysql.com
Mildred,Duncan,mduncanln@friendfeed.com
Andrea,Ortiz,aortizlo@slate.com
Helen,Stewart,hstewartlp@admin.ch
Anna,Williamson,awilliamsonlq@bizjournals.com
Shirley,Morris,smorrislr@desdev.cn
Fred,Edwards,fedwardsls@dailymotion.com
Ralph,Johnston,rjohnstonlt@deliciousdays.com
Sara,Walker,swalkerlu@addtoany.com
Doris,Hawkins,dhawkinslv@cafepress.com
Irene,Vasquez,ivasquezlw@jimdo.com
Adam,Sanders,asanderslx@addthis.com
Brandon,Montgomery,bmontgomeryly@latimes.com
Richard,Bradley,rbradleylz@blogspot.com
Judith,White,jwhitem0@arizona.edu
Kelly,Lopez,klopezm1@bloomberg.com
Brandon,Garza,bgarzam2@elpais.com
Kathy,Robertson,krobertsonm3@theatlantic.com
Harry,Andrews,handrewsm4@cornell.edu
Samuel,Day,sdaym5@newsvine.com
Christine,Brown,cbrownm6@ocn.ne.jp
Laura,Stevens,lstevensm7@china.com.cn
Harry,Carter,hcarterm8@dyndns.org
Janet,Gonzalez,jgonzalezm9@prlog.org
Christopher,Carter,ccarterma@printfriendly.com
Deborah,Bowman,dbowmanmb@xinhuanet.com
Frances,Powell,fpowellmc@yelp.com
Anne,Johnson,ajohnsonmd@sbwire.com
Jennifer,Chapman,jchapmanme@ihg.com
Nancy,Franklin,nfranklinmf@ca.gov
Joseph,Woods,jwoodsmg@ifeng.com
Benjamin,Chavez,bchavezmh@imgur.com
Charles,Freeman,cfreemanmi@phoca.cz
Donna,Brooks,dbrooksmj@nationalgeographic.com
Brenda,Tucker,btuckermk@diigo.com
Lori,Willis,lwillisml@loc.gov
Lawrence,Alvarez,lalvarezmm@un.org
Victor,Jenkins,vjenkinsmn@ox.ac.uk
Gregory,Long,glongmo@omniture.com
Carl,Stewart,cstewartmp@virginia.edu
Joshua,James,jjamesmq@irs.gov
Russell,Daniels,rdanielsmr@washington.edu
Arthur,Smith,asmithms@salon.com
Fred,Mccoy,fmccoymt@1688.com
Julia,Lynch,jlynchmu@mail.ru
Linda,Larson,llarsonmv@g.co
Aaron,Murray,amurraymw@cornell.edu
Irene,Montgomery,imontgomerymx@live.com
Richard,Robertson,rrobertsonmy@drupal.org
Tammy,Griffin,tgriffinmz@netscape.com
Aaron,Peters,apetersn0@friendfeed.com
Shirley,Ramirez,sramirezn1@icq.com
Ralph,Williamson,rwilliamsonn2@techcrunch.com
Donna,Day,ddayn3@imageshack.us
Christine,West,cwestn4@merriam-webster.com
Bobby,Ramos,bramosn5@buzzfeed.com
Anthony,Gardner,agardnern6@github.com
Angela,Collins,acollinsn7@devhub.com
Ann,Sanders,asandersn8@edublogs.org
Paula,Ryan,pryann9@examiner.com
Diana,Alexander,dalexanderna@cbsnews.com
Helen,Young,hyoungnb@tripadvisor.com
Amanda,Reynolds,areynoldsnc@wikispaces.com
Thomas,Garcia,tgarciand@opera.com
Chris,Gibson,cgibsonne@java.com
Kimberly,Wright,kwrightnf@tinypic.com
Joe,Allen,jallenng@google.com.br
William,Adams,wadamsnh@msn.com
Nicole,Myers,nmyersni@shinystat.com
Wayne,Ellis,wellisnj@flavors.me
Norma,Bryant,nbryantnk@w3.org
Judith,Walker,jwalkernl@flickr.com
Theresa,Fowler,tfowlernm@mac.com
Jonathan,Mason,jmasonnn@marriott.com
Martha,Kelley,mkelleyno@merriam-webster.com
Shirley,Pierce,spiercenp@cyberchimps.com
Jacqueline,Ellis,jellisnq@is.gd
Kenneth,Barnes,kbarnesnr@soundcloud.com
Mark,Fuller,mfullerns@people.com.cn
Russell,Hughes,rhughesnt@pcworld.com
Donald,George,dgeorgenu@go.com
Heather,Jacobs,hjacobsnv@baidu.com
Timothy,Brooks,tbrooksnw@samsung.com
Paul,Hall,phallnx@webmd.com
Louis,Clark,lclarkny@thetimes.co.uk
Betty,Williams,bwilliamsnz@mapy.cz
Diane,Gonzales,dgonzaleso0@columbia.edu
Matthew,Watson,mwatsono1@msu.edu
Michael,Bennett,mbennetto2@liveinternet.ru
Bobby,Alvarez,balvarezo3@woothemes.com
Roy,Mills,rmillso4@abc.net.au
Jennifer,Jones,jjoneso5@about.me
Michael,Rice,mriceo6@omniture.com
Bobby,Cox,bcoxo7@naver.com
William,Little,wlittleo8@bbc.co.uk
Elizabeth,Adams,eadamso9@mediafire.com
Billy,Price,bpriceoa@live.com
Brandon,White,bwhiteob@networksolutions.com
Cheryl,Rodriguez,crodriguezoc@amazon.co.uk
Dennis,Grant,dgrantod@elpais.com
Elizabeth,Murphy,emurphyoe@google.com.au
Wayne,Morgan,wmorganof@google.ru
Louise,Torres,ltorresog@arizona.edu
Shirley,Hansen,shansenoh@theatlantic.com
Billy,Carter,bcarteroi@indiegogo.com
Craig,Robertson,crobertsonoj@census.gov
Benjamin,Bishop,bbishopok@friendfeed.com
Dennis,Hill,dhillol@blogs.com
Steven,Diaz,sdiazom@fc2.com
George,Reed,greedon@yellowpages.com
Mark,Young,myoungoo@ca.gov
Chris,Harrison,charrisonop@ucoz.ru
Samuel,Frazier,sfrazieroq@japanpost.jp
Mary,Hall,mhallor@businessweek.com
Julia,Stanley,jstanleyos@chronoengine.com
Ruby,Williamson,rwilliamsonot@e-recht24.de
Arthur,Hicks,ahicksou@patch.com
Steve,Chavez,schavezov@hexun.com
Carolyn,Reed,creedow@webeden.co.uk
Janet,Arnold,jarnoldox@acquirethisname.com
Cheryl,Flores,cfloresoy@abc.net.au
Janet,Cooper,jcooperoz@shareasale.com
Jean,Kelley,jkelleyp0@networksolutions.com
Ronald,Parker,rparkerp1@bloglovin.com
Eugene,Simpson,esimpsonp2@networkadvertising.org
Jerry,Baker,jbakerp3@mlb.com
Richard,Morris,rmorrisp4@dyndns.org
Juan,Ramos,jramosp5@hc360.com
Joshua,Owens,jowensp6@chronoengine.com
Doris,Price,dpricep7@blogger.com
Antonio,Sanchez,asanchezp8@trellian.com
Cynthia,Rice,cricep9@youku.com
Jacqueline,Banks,jbankspa@bravesites.com
Fred,Smith,fsmithpb@gnu.org
George,Fox,gfoxpc@indiegogo.com
Stephen,Dixon,sdixonpd@edublogs.org
Janice,Ford,jfordpe@i2i.jp
Larry,Williamson,lwilliamsonpf@yelp.com
Stephen,Cole,scolepg@icio.us
Timothy,Schmidt,tschmidtph@china.com.cn
William,Duncan,wduncanpi@cisco.com
Lois,Williams,lwilliamspj@alexa.com
Andrea,Smith,asmithpk@seesaa.net
Earl,Stone,estonepl@pcworld.com
Lois,Owens,lowenspm@slate.com
Matthew,Banks,mbankspn@is.gd
Jean,Bradley,jbradleypo@yelp.com
Wayne,Lee,wleepp@slate.com
Bonnie,Gutierrez,bgutierrezpq@scientificamerican.com
Lawrence,Hart,lhartpr@japanpost.jp
Keith,Hamilton,khamiltonps@biglobe.ne.jp
Mark,Webb,mwebbpt@tumblr.com
Angela,Owens,aowenspu@flickr.com
Cheryl,Montgomery,cmontgomerypv@google.co.uk
Janice,Gonzales,jgonzalespw@com.com
Ashley,Lewis,alewispx@myspace.com
Thomas,Bryant,tbryantpy@blog.com
Wanda,Day,wdaypz@artisteer.com
Julia,Stewart,jstewartq0@mlb.com
Adam,Gibson,agibsonq1@amazon.de
Alice,Ramirez,aramirezq2@altervista.org
Denise,Romero,dromeroq3@weebly.com
Phillip,Lynch,plynchq4@surveymonkey.com
Alice,Hunter,ahunterq5@ucsd.edu
Lillian,Watson,lwatsonq6@shop-pro.jp
Ann,Mcdonald,amcdonaldq7@xinhuanet.com
Susan,Ferguson,sfergusonq8@wp.com
Rose,Wilson,rwilsonq9@slate.com
Diana,Reynolds,dreynoldsqa@alexa.com
Terry,Nguyen,tnguyenqb@dion.ne.jp
Jonathan,Jacobs,jjacobsqc@blogtalkradio.com
Albert,Graham,agrahamqd@drupal.org
Timothy,Gilbert,tgilbertqe@yahoo.co.jp
Barbara,Johnson,bjohnsonqf@oakley.com
Bobby,Fuller,bfullerqg@ehow.com
Jose,Peters,jpetersqh@about.me
Craig,Marshall,cmarshallqi@ebay.co.uk
Sara,Kennedy,skennedyqj@tinypic.com
Lori,Willis,lwillisqk@qq.com
Janice,Ferguson,jfergusonql@about.com
Eric,Burns,eburnsqm@livejournal.com
Todd,Reynolds,treynoldsqn@ameblo.jp
Ryan,Coleman,rcolemanqo@samsung.com
Lillian,Tucker,ltuckerqp@seesaa.net
Janet,Ryan,jryanqq@hostgator.com
Ryan,Perkins,rperkinsqr@hibu.com
Debra,Matthews,dmatthewsqs@comsenz.com
Fred,Bennett,fbennettqt@hostgator.com
Jose,Williamson,jwilliamsonqu@tinypic.com
Eric,Thomas,ethomasqv@timesonline.co.uk
Rebecca,Cole,rcoleqw@tiny.cc
John,Hall,jhallqx@senate.gov
Jimmy,Baker,jbakerqy@nifty.com
Lori,Porter,lporterqz@scribd.com
Nicole,Gutierrez,ngutierrezr0@gov.uk
Helen,Gibson,hgibsonr1@shop-pro.jp
Julia,Peters,jpetersr2@utexas.edu
Sandra,Henderson,shendersonr3@twitpic.com
Michael,Sanchez,msanchezr4@paypal.com
Marilyn,Garrett,mgarrettr5@buzzfeed.com
Kimberly,Stone,kstoner6@creativecommons.org
Rachel,Powell,rpowellr7@google.es
Larry,Rivera,lriverar8@hibu.com
William,Alvarez,walvarezr9@com.com
Steven,Ford,sfordra@paypal.com
Donna,Carr,dcarrrb@va.gov
Teresa,Lawson,tlawsonrc@mayoclinic.com
Melissa,Moore,mmoorerd@wordpress.com
Walter,Hunter,whunterre@liveinternet.ru
Emily,Wright,ewrightrf@cnbc.com
Chris,Reyes,creyesrg@rambler.ru
Nicole,Murray,nmurrayrh@mail.ru
Frank,Morris,fmorrisri@google.ru
Julia,Howard,jhowardrj@pagesperso-orange.fr
Judith,Jenkins,jjenkinsrk@salon.com
Douglas,Gilbert,dgilbertrl@mail.ru
Bonnie,Hughes,bhughesrm@fastcompany.com
Juan,Martin,jmartinrn@earthlink.net
Judy,Howell,jhowellro@behance.net
Andrea,Adams,aadamsrp@disqus.com
Brian,Palmer,bpalmerrq@xrea.com
Roy,Morrison,rmorrisonrr@w3.org
